energy,homogeneity,dissimilarity,correlation,contrast,label
0.02158331180158385,0.15483833091928137,7.724313322226442,0.9009652814224517,124.8562756940257,Acne and Rosacea
0.01838754691266349,0.14953213813578825,9.599666755078712,0.8453509846734397,237.79355009886208,Acne and Rosacea
0.019637376181789,0.13110409617927463,10.105077619535983,0.8071824755321941,232.28912981044425,Acne and Rosacea
0.024916747264735837,0.13449135711849639,8.686778747731005,0.8062347798446713,174.46185580256284,Acne and Rosacea
0.035521364900688815,0.19221102133729812,7.134968827021153,0.95644038459874,133.26276025033442,Acne and Rosacea
0.029531726534427278,0.25588557276392776,5.0159324981310425,0.9631478711320294,68.88694573100767,Acne and Rosacea
0.03426582693347207,0.2060106369732033,7.225100926474728,0.9823676211943836,120.19671440077269,Acne and Rosacea
0.02101506604728782,0.19045644928556602,7.187267311116528,0.918308160839233,147.31538030061853,Acne and Rosacea
0.12217056332893013,0.30402325562084037,8.867470211627314,0.9513137236775305,284.5103602300121,Acne and Rosacea
0.024239996266457196,0.18290453509885277,11.777477928429242,0.956895135356346,352.41430437371014,Acne and Rosacea
0.03295578101159177,0.19580041831409087,8.655492584480564,0.9714298017040106,215.094170658637,Acne and Rosacea
0.016201735467091152,0.14150239443896184,9.898648409500993,0.9377702809889773,220.00673575230306,Acne and Rosacea
0.013897332925396085,0.12025407607804128,10.332596980215751,0.9328814670600719,218.47648138192415,Acne and Rosacea
0.015235417188699887,0.12959540214674875,11.32331422607066,0.8940986073302037,312.9274840716843,Acne and Rosacea
0.019671549284605926,0.15414177056489772,11.68441495657584,0.8316173769518093,395.219319378492,Acne and Rosacea
0.02617535849037453,0.24098424336874924,4.774485131862777,0.9717568240201465,53.68023160025127,Acne and Rosacea
0.03399573311760553,0.2845106261066443,4.458460914693783,0.9941936393207457,45.23434335889388,Acne and Rosacea
0.019546002044428766,0.15574896209312875,7.252908656590494,0.9543698283941278,104.25960871218,Acne and Rosacea
0.026168774070826486,0.11187174826367571,10.582244725701846,0.4694536412302749,222.44299464707248,Acne and Rosacea
0.02900834985389009,0.2426335886101959,4.303412323468207,0.9617641618736512,40.05355717494808,Acne and Rosacea
0.02963323652436425,0.2973690402249164,3.2708794802286456,0.9885604979715992,24.10011418152471,Acne and Rosacea
0.018299700278843884,0.10418995893616184,9.709548499145736,0.8469029282279157,161.6696177703352,Acne and Rosacea
0.013832058388914954,0.08240611556005387,15.654338492868824,0.6732986873054774,478.7403343091515,Acne and Rosacea
0.017365931090691972,0.07299501423872191,16.381460984154753,0.3532473332937624,504.3980304955864,Acne and Rosacea
0.012267278297328592,0.08267225817784869,15.767250541889192,0.7872271238629405,510.123786456849,Acne and Rosacea
0.012113398586631833,0.08120685801247064,15.157921124615813,0.8233918057556797,447.4243385187481,Acne and Rosacea
0.013634313689850318,0.06488706886384445,17.044897540548813,0.7062689313224984,520.2409512612685,Acne and Rosacea
0.014441554182843588,0.08975178661445532,12.815977357007547,0.8056802090085795,306.4264189106386,Acne and Rosacea
0.01878967750621848,0.17088108842968172,7.678205239707419,0.9596101075750804,139.90699419226516,Acne and Rosacea
0.02078128295151218,0.1976788762663426,6.20617754462707,0.95867841723373,89.23498645151582,Acne and Rosacea
0.030285329586929186,0.28891493909086796,4.660926585687641,0.9898824613660887,71.08105486078627,Acne and Rosacea
0.026265019637639542,0.27898399006105307,3.820566276026345,0.9883726635234993,39.06574965669275,Acne and Rosacea
0.023866178149929577,0.13350276853999418,9.746639422580536,0.675888274369141,244.95308983262976,Acne and Rosacea
0.02530350190564529,0.11246324740260201,14.797444688984452,0.8566046217871558,475.74650759900095,Acne and Rosacea
0.01698731199106606,0.08009228560440558,15.4943152758294,0.45573596516825493,461.69691504076764,Acne and Rosacea
0.01383699995811836,0.11905458357427026,10.307955949793971,0.9428501437317283,210.72048435838155,Acne and Rosacea
0.015634628455333453,0.15416336737286787,9.68900881503722,0.9752497470696936,199.88467928417674,Acne and Rosacea
0.014598109944235778,0.10131760955256798,11.527089063412308,0.8669369258700182,271.68511803587484,Acne and Rosacea
0.01603203440285043,0.10649973466301636,12.176072152904503,0.862534933931626,317.6600674945924,Acne and Rosacea
0.01529428578881535,0.08619966504723453,14.001932899705178,0.7115997314391964,374.47684418038057,Acne and Rosacea
0.021334801282034403,0.13263506899632083,10.511405297008832,0.7478853149309121,239.12195183414394,Acne and Rosacea
0.015838889278893802,0.1224984918457479,10.797487600773422,0.9052922236874377,253.61997531613937,Acne and Rosacea
0.04633191470098158,0.33588328245810345,3.5075784497609757,0.9854113753078635,34.393851888228774,Acne and Rosacea
0.05542114529348165,0.27840782378884454,4.237056789181876,0.9850499522495496,43.56235250470072,Acne and Rosacea
0.03690213087430826,0.20149020022413883,6.9708757169990765,0.9588439640487516,111.87953688708116,Acne and Rosacea
0.02158331180158385,0.15483833091928137,7.724313322226442,0.9009652814224517,124.8562756940257,Acne and Rosacea
0.015587250103862367,0.14073445198930282,8.83174829007299,0.9536232234680119,165.055896930919,Acne and Rosacea
0.020593997560492915,0.168758430561314,7.363392926336985,0.9159994110911625,117.9224977986384,Acne and Rosacea
0.020515920068436735,0.1744158502908731,7.376938087013542,0.9306058927475713,128.15920775421435,Acne and Rosacea
0.025664497665800524,0.1879475663543772,5.996117513697192,0.8982693596964759,73.83454924035459,Acne and Rosacea
0.023630739021773112,0.19278901233119422,5.7278368849238905,0.9562952025556074,69.7436947329734,Acne and Rosacea
0.016069140566317863,0.11402950387763841,11.44642085693185,0.8531523897254125,275.1765922657279,Acne and Rosacea
0.01852731578837422,0.1290791530715655,8.917002030779347,0.8782765471792691,155.27398295395085,Acne and Rosacea
0.018349948965198124,0.13204975929725057,8.67585663681191,0.9657213441455946,161.01367877346462,Acne and Rosacea
0.025181750664881788,0.18821846215114865,7.205912677125468,0.9586186078015149,134.18076374536926,Acne and Rosacea
0.03216533664148203,0.19159731897915655,7.548363456533524,0.923519066003489,159.49443262426556,Acne and Rosacea
0.013634977286748177,0.09546919108827671,13.09801475677596,0.8654873330541586,354.3252652538031,Acne and Rosacea
0.009562493770301514,0.04947813615644619,23.36519844427154,0.7221605657895481,977.6101870528715,Acne and Rosacea
0.05469407757136667,0.19777935291706772,11.026420708839218,0.9413070915222339,333.1548044780462,Acne and Rosacea
0.01849680767877662,0.12559331451941055,11.202804158685893,0.8457833243667456,308.3249427273215,Acne and Rosacea
0.01993379811226595,0.15901013600999528,8.258620131675821,0.8764113336953022,153.29856341667784,Acne and Rosacea
0.017519207364252273,0.1657070353227716,11.566692736767639,0.8895000757497379,344.08539257665245,Acne and Rosacea
0.020969094398565327,0.21108842379503953,6.378143181280611,0.9565036520536115,104.31965344494431,Acne and Rosacea
0.02048235982372035,0.13732480977538122,12.722988499465705,0.6319608902941788,361.061519455828,Acne and Rosacea
0.021509152383736692,0.21549295087772682,5.81677726133975,0.9838428867984148,80.48521719623827,Acne and Rosacea
0.017255000186044308,0.1498631989285395,7.902241579536555,0.9435150811935861,138.6036553459773,Acne and Rosacea
0.021175287597431505,0.08410035948802858,12.903544343733776,0.40802015351804083,295.5156279996381,Acne and Rosacea
0.01714030314908139,0.1895482936746261,7.198156958062514,0.974961514751011,122.5436404751731,Acne and Rosacea
0.02655357208151091,0.37021772627763394,3.0038704537257166,0.9949208479353572,26.914153727219343,Acne and Rosacea
0.0213491139884986,0.17057377146835317,8.189013015727058,0.9569571830530381,143.79160454468385,Acne and Rosacea
0.02297823923662872,0.22769636959579584,5.536490541790285,0.9511578050322752,84.82545571418953,Acne and Rosacea
0.01883987831569104,0.18560506367411045,5.906698920651511,0.9871452866560406,68.70196050605728,Acne and Rosacea
0.01753026247237406,0.10070460587044756,11.58039291165836,0.7437065386780504,263.70172510984406,Acne and Rosacea
0.020877489450250118,0.16399580382063095,6.708771003284417,0.9489439371080296,87.99296752945517,Acne and Rosacea
0.023354772633151992,0.1967721826385935,5.683431110594305,0.9663019937991706,66.18635457629684,Acne and Rosacea
0.028912615340267393,0.1236397126486013,9.210814373154651,0.4401751373269083,168.26175501488535,Acne and Rosacea
0.021314566958069228,0.15423255154102158,7.561651274406324,0.9313797639638612,112.66826665544414,Acne and Rosacea
0.015710091027894495,0.1251714984454635,14.246648692546273,0.815257575022551,542.39818871738,Acne and Rosacea
0.022604766611412586,0.11772622829159854,9.485081725430913,0.7056238375967899,169.81883428949516,Acne and Rosacea
0.019327232825613914,0.13377826192142087,8.771041093021442,0.8916288211589113,150.9322750873501,Acne and Rosacea
0.014741181557806836,0.12740034537136158,9.443125829228634,0.9312878996594576,191.27301440861578,Acne and Rosacea
0.013975645239345259,0.07888011805017356,14.515346911556223,0.7468934273753436,397.19161631259493,Acne and Rosacea
0.012719105861920167,0.10417995677223083,12.978686172270777,0.8702520436863705,348.15971772337184,Acne and Rosacea
0.015609779695037265,0.10911247673908132,10.138952049897679,0.9281745192342363,188.7447963302905,Acne and Rosacea
0.023615512184107942,0.1801440333596705,6.78227153985078,0.9778719914348086,96.02925137849074,Acne and Rosacea
0.017839899691349977,0.12141652334660567,9.803086477669574,0.8666377128222718,194.14476679359484,Acne and Rosacea
0.026041473022741072,0.15268341986621994,7.488595945227843,0.8222942444886073,111.24799917140359,Acne and Rosacea
0.015457305799579293,0.10430654548171345,11.960282497293552,0.838063991388452,297.14606511174503,Acne and Rosacea
0.0201354262635433,0.16137267518541934,8.41527839442396,0.9680112546462745,148.22348068999034,Acne and Rosacea
0.015004192772927635,0.13026595688748754,10.009122165949938,0.918617935393322,228.5332425257573,Acne and Rosacea
0.02040111673640217,0.07800795151790767,14.038506791374267,0.35195368146269185,351.6407598665894,Acne and Rosacea
0.014928645321579281,0.1268698796540403,9.517167791571808,0.9348895643819107,188.54255136145954,Acne and Rosacea
0.016206248502982672,0.159781923306706,7.916910187483412,0.9514864365435716,157.47194173440352,Acne and Rosacea
0.015570591543855724,0.12140716594079956,11.307581873150902,0.9118007218338846,290.7663201703024,Acne and Rosacea
0.014661312209153914,0.06868739196990331,17.732838863869056,0.4763158130066453,600.2934329069049,Acne and Rosacea
0.01717654224885966,0.16730864411637233,7.407183499250272,0.9782115593465726,118.111758546987,Acne and Rosacea
0.019700534739564998,0.10924326293618229,11.00117430124026,0.6760218738987198,232.99010224282605,Acne and Rosacea
0.018016028093485112,0.1255133663519741,10.083722520942766,0.9122204228536714,213.70694669059395,Acne and Rosacea
0.023187489315701613,0.18117632521194452,7.9487696838057404,0.8823883828067051,161.08736944665668,Acne and Rosacea
0.020254773926907853,0.154736093700437,7.329092807182361,0.9203453876052645,114.25398161868185,Acne and Rosacea
0.024466199061234054,0.11666318420998806,12.508591068160785,0.8825519278665906,328.6434723202328,Acne and Rosacea
0.021919239652450975,0.12343837831847877,8.98874654848419,0.7606660000999865,150.1384707944306,Acne and Rosacea
0.01654375872241688,0.12710326884205866,10.398021987800636,0.8906950186091057,232.79963066999596,Acne and Rosacea
0.020760734571287725,0.13798630417422292,8.104045209908081,0.8589146678069063,125.65041333980746,Acne and Rosacea
0.02248966202926385,0.15712186559752286,8.894108627079483,0.8032942096304976,177.03069356450126,Acne and Rosacea
0.039703720079197535,0.2805859253152224,5.725731329293715,0.9833013368577324,95.95309968240485,Acne and Rosacea
0.030255873647195026,0.1501858483539211,17.24098590306195,0.8630393448715661,1109.574119797821,Acne and Rosacea
0.029020115511404012,0.14002343146729052,18.534787163476754,0.8102935281015691,1227.1715326648907,Acne and Rosacea
0.02556913356202636,0.1390048203224597,19.19672263147881,0.8512531554515959,1462.1149642282953,Acne and Rosacea
0.025909696984503468,0.17641565117246685,22.41905696449239,0.7638094891721195,2002.8179515691938,Acne and Rosacea
0.05052123237904809,0.23160323998617083,18.622665709751548,0.8102017965547551,1604.250285341432,Acne and Rosacea
0.04266988503364047,0.18807938268433638,16.877201562674482,0.8381423368954435,1127.9135312965345,Acne and Rosacea
0.016598417931201117,0.14329553390683877,12.711221861327568,0.8988918665946848,427.08327007256526,Acne and Rosacea
0.06321883419175495,0.2846108789905914,4.698870169281727,0.9850382306457024,53.872724926361926,Acne and Rosacea
0.05187244435195146,0.219721700832453,7.345510246044133,0.9661954968676452,128.13991232211922,Acne and Rosacea
0.01826391412645498,0.14031846020089314,8.952212400227435,0.8948382935327667,170.59952159465809,Acne and Rosacea
0.019822225400336388,0.16042222869885472,7.573659578664569,0.9116041098071581,129.4541956833201,Acne and Rosacea
0.017601082605163427,0.12527959116654794,9.704806029358574,0.8856154577081453,190.05089766922046,Acne and Rosacea
0.019396127800548082,0.14496889955850975,9.288893271122976,0.8909100685439858,196.5889288431193,Acne and Rosacea
0.018833236726547655,0.13358025070488055,9.670746655091367,0.9323708289352319,189.5981474997582,Acne and Rosacea
0.03690213087430826,0.20149020022413883,6.9708757169990765,0.9588439640487516,111.87953688708116,Acne and Rosacea
0.021630604177418015,0.15535038095803685,8.369113446494602,0.8606274635204261,167.4155842575746,Acne and Rosacea
0.05726258697504486,0.22326171445135362,7.219510372893451,0.9649375063346635,123.35514000466846,Acne and Rosacea
0.019014577192860354,0.16654302576527905,7.017459874716085,0.9528408703822167,101.5919109152822,Acne and Rosacea
0.06250100049948057,0.2989096577798005,4.771338100550888,0.982779133901368,56.772589356025364,Acne and Rosacea
0.1260979781290733,0.4415576141924363,3.394913032696825,0.9929957037632136,42.34095978808844,Acne and Rosacea
0.01734313710684324,0.10759003814901787,10.836417264626945,0.8015750693464802,227.5558763710937,Acne and Rosacea
0.016541814563688775,0.152905337142668,8.37397983519256,0.9609955811043722,146.88630804707813,Acne and Rosacea
0.01909036546014894,0.12103116125618081,11.33430955764898,0.9208828355414957,254.89702523372392,Acne and Rosacea
0.0620536732227709,0.22239984216134648,7.746768885124919,0.9735823395723079,136.25079354425873,Acne and Rosacea
0.015587250103862367,0.14073445198930282,8.83174829007299,0.9536232234680119,165.055896930919,Acne and Rosacea
0.02891607580927564,0.197156135109639,6.6405214001344115,0.9802307376052405,93.46790161515784,Acne and Rosacea
0.06734549159761494,0.21466001961741987,8.003769571887489,0.964581948058323,147.43131077485248,Acne and Rosacea
0.027638717722017894,0.18839035092980672,7.576457844618956,0.9768149647651243,124.24556424438919,Acne and Rosacea
0.24613095840399446,0.3761191621179253,5.553020268152999,0.9095838597901442,92.0878556712467,Acne and Rosacea
0.020462332986141883,0.17433669751219633,7.373447180263639,0.9307554251964076,128.20651423771116,Acne and Rosacea
0.016069140566317863,0.11402950387763841,11.44642085693185,0.8531523897254125,275.1765922657279,Acne and Rosacea
0.025181750664881788,0.18821846215114865,7.205912677125468,0.9586186078015149,134.18076374536926,Acne and Rosacea
0.04608845809295565,0.27466935722148483,5.12012023613024,0.9877806688313263,65.71570702984506,Acne and Rosacea
0.04373600543923354,0.22762843632808938,6.250538401272071,0.9873045533738463,88.45049428794788,Acne and Rosacea
0.010007978083567882,0.08389148432699527,17.079872698241754,0.8620933236181387,704.5997972120867,Acne and Rosacea
0.038215751060974495,0.1820769358550032,10.313567418008367,0.9588451174688396,292.583495876844,Acne and Rosacea
0.025492280514018535,0.24901792926583421,5.239222809609542,0.9862358081423316,64.93690925825969,Acne and Rosacea
0.06700664972646554,0.21236165314733116,10.501776400669009,0.9353962218575016,303.23642041282153,Acne and Rosacea
0.12118447073191509,0.28983250800918436,9.211938138815107,0.9643881789918124,240.8562686080962,Acne and Rosacea
0.07197213117451387,0.3568185308173591,8.730584048872856,0.9436555833624075,258.743223009702,Acne and Rosacea
0.10479352304848967,0.2621565721465249,10.748295845929741,0.9307517435135719,331.3679459780658,Acne and Rosacea
0.08561443068252249,0.31795323119355273,7.138856973766988,0.9711012363903401,160.38241314523276,Acne and Rosacea
0.014770732614845171,0.09262375117631022,13.15991077650422,0.8035332133079716,353.36226315504723,Acne and Rosacea
0.01804028083886445,0.13002641435102819,9.096247978373334,0.9264533849976527,167.5143677070559,Acne and Rosacea
0.01269319805198127,0.1157197317564698,9.84892336625805,0.9649448943215914,197.16425413729837,Actinic Keratosis
0.019378396233615345,0.14476091151460904,11.298652390529279,0.8003353931881381,347.62011011217976,Actinic Keratosis
0.01424515767666781,0.10461144903161206,14.438760571256998,0.7933707791751274,493.3717419257539,Actinic Keratosis
0.04282025454067052,0.24660173388270884,7.104070553811706,0.9458995595528749,150.32534216682012,Actinic Keratosis
0.016326443029458945,0.1579581992636826,10.63610378549864,0.885589471013603,303.1184349723987,Actinic Keratosis
0.01805666981713088,0.1760056701327024,9.692194939445065,0.8793554449504847,305.00995789310645,Actinic Keratosis
0.02508474950600116,0.20386937645596614,6.433795467971637,0.8838350615598204,121.12998643289737,Actinic Keratosis
0.018251030849392183,0.1704220305393131,9.781310523510152,0.84963858039779,312.2151121593797,Actinic Keratosis
0.023482243231417597,0.16309917850080222,9.703893623713286,0.7198379656825296,313.68544059133524,Actinic Keratosis
0.01735134136332455,0.13630761054545923,9.11774088438051,0.8806399478572102,174.18215307128756,Actinic Keratosis
0.0233480342923589,0.22296986582249131,7.662313268010128,0.8644614135544452,218.28516193148582,Actinic Keratosis
0.022775619247263422,0.21815978675451633,7.076515105493508,0.8828903501234691,177.0005407326182,Actinic Keratosis
0.02160470587807326,0.1897416780547148,7.191522376564093,0.9045963359491415,131.85195212708564,Actinic Keratosis
0.020833226892182026,0.17541515053021606,10.375043042318215,0.9558289619413239,287.22033696522914,Actinic Keratosis
0.2724842623889916,0.3697979499324604,12.194627558501,0.966076711387227,450.8764740435959,Actinic Keratosis
0.02880705198606912,0.29028897943845905,7.458786057827136,0.961504649742774,207.59341159551826,Actinic Keratosis
0.02488674917936427,0.24244614874518694,5.7947123900521085,0.9320414413864077,109.45507769572168,Actinic Keratosis
0.017820902349113394,0.22131022713027193,6.455442104066552,0.9683292353077072,132.1847403747531,Actinic Keratosis
0.01820123718249704,0.146275223704779,9.355988599620458,0.8509545518268052,226.16620279160304,Actinic Keratosis
0.018438315167895254,0.17138920342045746,8.05244346879177,0.9156806207639298,161.70606096139886,Actinic Keratosis
0.022300804583654632,0.22971110212736998,5.996385882485243,0.9539626750795098,103.06876869453998,Actinic Keratosis
0.017039638090284675,0.13525455600758324,10.439823280723544,0.8292273907342752,279.43522845704865,Actinic Keratosis
0.015106161698987094,0.1535319791312184,8.574507605661836,0.956149916562014,206.04665065851475,Actinic Keratosis
0.0234690239338437,0.2278901326248078,5.487926341138506,0.9504252874398824,86.31278908915147,Actinic Keratosis
0.02097852034461126,0.1912230575822106,7.096718521105803,0.954182701585775,142.39100452218523,Actinic Keratosis
0.019690343381347883,0.1733654503088459,7.639573317480643,0.912027282263363,144.84316031726777,Actinic Keratosis
0.01533696440878055,0.1448817945617427,9.23634125542555,0.9270247490527324,229.87722829105326,Actinic Keratosis
0.01625401233001422,0.1567228201231126,8.871177208824239,0.9287575781468903,197.07297297184718,Actinic Keratosis
0.016867424773151795,0.14750984151156848,8.986117416810597,0.9143941716085848,193.23571473192658,Actinic Keratosis
0.015326248991844618,0.15539100177743048,8.485313936119976,0.9482424641771942,177.00143118754931,Actinic Keratosis
0.01625401233001422,0.1567228201231126,8.871177208824239,0.9287575781468903,197.07297297184718,Actinic Keratosis
0.022886611881557058,0.1960741171513877,7.939728315725704,0.8662229042340316,171.01588360411438,Actinic Keratosis
0.02022795597516068,0.16589822112308125,7.185811839548598,0.9255535901593714,113.68028300817267,Actinic Keratosis
0.025247665125197327,0.1599690536297539,8.89173912497396,0.9680804708032151,193.7391301621053,Actinic Keratosis
0.015326248991844618,0.15539100177743048,8.485313936119976,0.9482424641771942,177.00143118754931,Actinic Keratosis
0.016091296558423358,0.18156180603196714,9.300308548953899,0.9309968208903676,261.4109999286891,Actinic Keratosis
0.019807818980088352,0.1744533307819091,8.975778289218441,0.8694454290957783,213.95085029595936,Actinic Keratosis
0.021741766062664664,0.2225130233755109,7.571428199483386,0.9076376579866662,198.62792156240351,Actinic Keratosis
0.02763231587591611,0.2456481054724734,5.452551685700815,0.9099272694124103,108.10515125047657,Actinic Keratosis
0.027212904736020033,0.19558310159656944,7.504301575580005,0.8352397647419945,142.8368917508199,Actinic Keratosis
0.024443863169683902,0.22445186662822675,6.175589901076825,0.9193593794902937,115.71184072252436,Actinic Keratosis
0.017397211532899772,0.19028272323715553,6.282027194060695,0.9744699504552177,97.52542972189943,Actinic Keratosis
0.019984029385207467,0.19078789783131175,7.891516804664623,0.904257247354724,188.15524099139753,Actinic Keratosis
0.024565099329517247,0.17198563406517053,10.602809981177314,0.6319276346577112,411.2153521733808,Actinic Keratosis
0.017820902349113394,0.22131022713027193,6.455442104066552,0.9683292353077072,132.1847403747531,Actinic Keratosis
0.018943928481105165,0.15765576326103478,8.811726352375462,0.8789930880432091,202.7515359273649,Actinic Keratosis
0.021006292807468258,0.19821859017874535,6.72370966636222,0.940055689470804,111.22473921336497,Actinic Keratosis
0.019629211746063264,0.18163382698609803,8.251492269904524,0.8994242726613891,191.95870455334324,Actinic Keratosis
0.014965362531189876,0.1543572612707781,9.874238064279368,0.928001203871491,262.8863298810668,Actinic Keratosis
0.017007119867842733,0.11630751127072456,11.938276317572868,0.7954913640798112,332.04149910702716,Actinic Keratosis
0.01764197682604475,0.1676330835640112,8.535324908109395,0.9199742141534374,185.09132646147816,Actinic Keratosis
0.017871885873156308,0.16204481398782913,8.35763200781426,0.920544452758046,160.8481865258105,Actinic Keratosis
0.015079217896143594,0.10344332690208649,12.860658043065222,0.8765209513902045,348.6369652458158,Actinic Keratosis
0.011810796820690127,0.09951731705658766,12.06453773187058,0.947631692130961,296.1436414501681,Actinic Keratosis
0.024146467921751198,0.2125288479303746,6.538766747329778,0.8991385328990131,126.5586062299614,Actinic Keratosis
0.02376067449229191,0.09944025108444449,17.141446915747803,0.8968749632329358,631.8817626064756,Actinic Keratosis
0.10455776244568923,0.20622219028973113,14.43594337101598,0.9168623273137457,511.5645439182265,Actinic Keratosis
0.31393579472185856,0.3765763127421962,12.161223959247492,0.962286456535939,503.5634615772465,Actinic Keratosis
0.058044201126370404,0.15097836394492864,17.09034119220227,0.8546731285987034,696.3611616396172,Actinic Keratosis
0.01616859844688748,0.1147573806460083,16.2637780638395,0.8772199806295173,624.7427644162872,Actinic Keratosis
0.01714141729740835,0.13689196476745652,8.042397133939623,0.9488803852543116,134.0428126793908,Actinic Keratosis
0.04687156129134354,0.20398128789191705,9.175653300087655,0.965104876983561,210.8424912301442,Actinic Keratosis
0.2933833572138429,0.4016694665681632,8.262261992454286,0.9752602547734696,287.8367430683493,Actinic Keratosis
0.04516402223649806,0.202942041682446,9.986872481798352,0.9345776027046276,241.2734898540413,Actinic Keratosis
0.03604334170503246,0.20268449523259832,9.22441044496343,0.9554369602479014,219.692411868017,Actinic Keratosis
0.022708025490191866,0.1529232651548996,9.131835116906363,0.8647270371486989,194.18091030475335,Actinic Keratosis
0.014181267522284238,0.10238809695135258,12.518943729880968,0.8775504841040127,334.4097603983289,Actinic Keratosis
0.012921947828232822,0.09298617438941201,14.319485628037505,0.8825195930270192,439.88333858255805,Actinic Keratosis
0.025369021078862512,0.14754942231739726,12.864754403865696,0.9298529000320185,367.77347193624934,Actinic Keratosis
0.03290557127008883,0.17308287236735687,11.605511079702483,0.9291951090923953,322.73159074890464,Actinic Keratosis
0.018855901656241278,0.13559858063292995,8.509049199289125,0.8753363154621172,150.368116254311,Actinic Keratosis
0.010961275762214688,0.08995811729591605,18.941659828064196,0.7914742754175906,815.2165938446626,Actinic Keratosis
0.0161237361969048,0.11914269194851619,9.87091663859109,0.8787288197635508,200.7514775547543,Actinic Keratosis
0.048869308311366016,0.18206155846795927,7.566501408190179,0.9329368188518978,122.48322899158524,Actinic Keratosis
0.26050589580099986,0.35184683279950435,7.425898461649821,0.9736964629169383,147.5402257342258,Actinic Keratosis
0.28052474496518465,0.34462016761726677,12.97900610449906,0.9646889052516114,472.26326795471897,Actinic Keratosis
0.09258132705774819,0.2189637765131881,8.267335627851578,0.920087115023095,178.60752447643335,Actinic Keratosis
0.10164437474848212,0.23006317735394394,7.8504711470490145,0.9278356194329184,149.47625364800913,Actinic Keratosis
0.010510331548469337,0.05141036272939971,23.416291579783543,0.4632448494963014,982.0479027410375,Actinic Keratosis
0.009974894722831886,0.04695252005459151,24.9952732624953,0.43066461651670424,1102.4517145882155,Actinic Keratosis
0.015001999846112422,0.0881742034870187,14.116690794852651,0.6841957912410752,390.170599119568,Actinic Keratosis
0.01544524683162475,0.10491903080793959,11.90862232937336,0.813062113892303,289.54826191442993,Actinic Keratosis
0.2134104871111378,0.28960938758112476,13.359234404709603,0.9605997829280278,480.6264171328407,Actinic Keratosis
0.011773732891425446,0.08012062861594828,15.520017727127247,0.8019448121962716,476.2526509098339,Actinic Keratosis
0.036279723159028526,0.1911335423245399,8.370939062238854,0.9791591465745759,179.48337011969286,Actinic Keratosis
0.14069291799515599,0.2338092887316446,11.422641892519083,0.952955049924944,351.05836074475275,Actinic Keratosis
0.023887107142928063,0.13368165982720048,8.988774273369609,0.9699034252220725,170.83669610054596,Actinic Keratosis
0.015183945870341116,0.09426414736374156,12.859211022444473,0.8247781725842663,330.4419015992764,Actinic Keratosis
0.04434554153571002,0.1907171596535791,7.063816950771166,0.9632812539470569,122.32236443216237,Actinic Keratosis
0.020830470478261982,0.140868908318012,9.50748849134866,0.8096194178009208,222.1000799717575,Actinic Keratosis
0.14773783477141053,0.2373446977599699,12.826244327688393,0.9526950100916822,461.5005650518554,Actinic Keratosis
0.012203500991239699,0.0701253355952332,19.159132882887825,0.6102788342322408,772.4536623607487,Actinic Keratosis
0.1682883117175161,0.24988924846821675,12.99285451119615,0.9118915391715698,447.448905373714,Actinic Keratosis
0.011535148146339396,0.07471681534854624,19.043010556186502,0.7343160597043448,743.9265912814235,Actinic Keratosis
0.011916212028930903,0.08671010781825744,13.610950236467875,0.9316751149624068,375.85282460170606,Actinic Keratosis
0.017738567409109656,0.15768338093713646,8.090373832817242,0.9521336447673671,152.24283815732326,Actinic Keratosis
0.24023973985890035,0.3070697647146737,13.534772699362684,0.957155107802526,495.6199440112887,Actinic Keratosis
0.016407118662535285,0.13106950438542012,11.89822180550565,0.9537567917219749,334.5098586513657,Actinic Keratosis
0.23701180490610016,0.33271301067451325,8.680330529651634,0.9786961501981067,218.34825503173545,Actinic Keratosis
0.06446096827766337,0.17578315202998454,18.776307590360474,0.8725704963558685,822.0799418535339,Actinic Keratosis
0.0781362549579967,0.20844399418420126,16.211745583867593,0.9074728292829681,606.4970642068407,Actinic Keratosis
0.011837319738654923,0.07860544898393572,21.360762275748762,0.5902983788694719,1132.361756390595,Actinic Keratosis
0.019212609020655604,0.1684979627266503,7.650306854978205,0.9757393509911023,136.9903287375123,Actinic Keratosis
0.01701299613341649,0.14295443554953483,9.605237873328612,0.8627222739821216,210.42748395355545,Actinic Keratosis
0.03253356379013307,0.4031690138213952,3.9852295255113543,0.9683169034597872,64.27989596270423,Actinic Keratosis
0.024571893583098733,0.23500601583891395,5.2646990810270955,0.9590179211367921,71.04422634357077,Actinic Keratosis
0.023074491777510826,0.23441092029117805,6.495056592271573,0.9278621792365342,122.51857734412822,Actinic Keratosis
0.01603874882719497,0.15015050747674863,8.38511399918118,0.9494627226130954,156.8262350518204,Actinic Keratosis
0.021779760485153607,0.21493210964809567,6.232922350915809,0.9449658481489194,99.05548255390882,Actinic Keratosis
0.029567454124367985,0.19666371506017408,6.260866140306297,0.8140541492845326,94.8812166959982,Actinic Keratosis
0.01377626039264463,0.09988547496428514,17.71592861970624,0.6338124229173707,783.6629369614834,Actinic Keratosis
0.0198596734611118,0.18433326589581245,8.408231620759166,0.8903680794577691,189.57823381754795,Actinic Keratosis
0.019443698017323825,0.16919781663025338,7.2718657718634,0.9499854526593339,118.3042828389067,Actinic Keratosis
0.022216662147435968,0.15042982005953612,9.132978919146439,0.7746289874180641,194.87078796876622,Actinic Keratosis
0.02223527376726832,0.22372662915715294,7.984649266433959,0.8682720663378233,188.2009383291378,Actinic Keratosis
0.01599353613969459,0.104739687849215,13.664470509799493,0.8951624297450651,514.1272648689446,Actinic Keratosis
0.017536180124789504,0.1389606240432719,8.407832691657335,0.9278727747763895,142.63113394811273,Actinic Keratosis
0.045396434513319,0.17111291483230734,13.692634720588678,0.9374938782504718,482.2334256083377,Actinic Keratosis
0.012000463393503333,0.1159545699447307,12.789270107112134,0.9540459586287725,352.0682406989832,Actinic Keratosis
0.023185787187262417,0.1389096800670562,11.368468548277288,0.9398790135363337,318.60155850977503,Actinic Keratosis
0.012101811482902894,0.05871773723446186,19.787141009459447,0.588350170078905,766.1134599631457,Actinic Keratosis
0.014768373287366429,0.10505030240987978,11.054621571327402,0.8704864181659878,234.6080871946873,Actinic Keratosis
0.019924358711720793,0.18516341343386447,8.147561653414993,0.9208239723065574,223.93988174551825,Actinic Keratosis
0.015950573869973495,0.13507008280113483,10.629777392970302,0.9151246755059445,351.8306726403219,Actinic Keratosis
0.01759563259948039,0.12152784138592655,9.207433581908905,0.8671750227959224,171.71675812094833,Actinic Keratosis
0.011775137566004583,0.09914303654751916,11.79478487208162,0.924749381886381,285.60411703242266,Actinic Keratosis
0.009426158750089472,0.06886698417394212,23.543910234071287,0.6956704453102394,1203.0264635452902,Actinic Keratosis
0.01220884832945613,0.11503100478805589,10.256544409633076,0.9560522221119206,226.95253629833343,Actinic Keratosis
0.021914705930839384,0.1634396312802386,12.56421930865509,0.9047869563785922,713.5436588010572,Actinic Keratosis
0.04703398393836902,0.17382554729425845,10.534592385109367,0.9619107508433709,300.1880594341628,Actinic Keratosis
0.026387773065495956,0.19939867645524137,7.705873337882439,0.8053228244619469,180.68629917076066,Actinic Keratosis
0.01746664909659593,0.12226883435573511,12.508858753811474,0.7570852793562763,399.57274758031394,Actinic Keratosis
0.027988100411831307,0.17005872241334652,6.294422152765263,0.893278095897148,79.86365026473226,Actinic Keratosis
0.021805368516477092,0.1399532275805366,9.111897542997115,0.7700372758816229,187.32750447866297,Actinic Keratosis
0.024657354179483417,0.11251517488413335,10.544535648168713,0.514967380650093,223.02246460876705,Actinic Keratosis
0.024657354179483417,0.11251517488413335,10.544535648168713,0.514967380650093,223.02246460876705,Actinic Keratosis
0.038722882921306954,0.21486110973717068,6.857740833455182,0.7562820753234636,139.70532985355308,Actinic Keratosis
0.02189456885589772,0.14898524338100883,10.472629267102299,0.7759995855800869,304.8766948359388,Actinic Keratosis
0.024175836464972875,0.20356441328550223,7.558066603754257,0.8886901445515859,173.20077005822037,Actinic Keratosis
0.026115689868733565,0.13596511541389453,9.169021344274167,0.8002328276550625,194.2635280870388,Actinic Keratosis
0.02753742041743305,0.20422855281994468,6.992233344968195,0.8318480051534549,127.16958603862005,Actinic Keratosis
0.02753742041743305,0.20422855281994468,6.992233344968195,0.8318480051534549,127.16958603862005,Actinic Keratosis
0.018182204710129077,0.0847699592570116,14.244224185321716,0.5056785429643278,418.7305996389539,Actinic Keratosis
0.019992704082037863,0.12599189494888322,11.18084103780907,0.6944121396605625,303.7202261101351,Actinic Keratosis
0.02293538569776708,0.1374248191025873,9.274127073510307,0.7069781369394291,194.02816186912315,Actinic Keratosis
0.017647619844644746,0.08811449530434608,13.552691889505976,0.6994201856026029,370.17003152081026,Actinic Keratosis
0.024154746313014487,0.14517550872969998,8.691305799730664,0.7238252475516682,158.0183847316523,Actinic Keratosis
0.02592572417045734,0.17050796245847766,6.66050897528433,0.8789851867226489,90.23403133554815,Actinic Keratosis
0.021701594373923407,0.10434886217877039,10.847069493884659,0.5805236196276788,224.76820137411818,Actinic Keratosis
0.026103344145453667,0.15925564585912108,8.676906210417052,0.7205160402504996,186.17057630492212,Actinic Keratosis
0.016296100678631218,0.1514279138583418,7.860272272026675,0.9565694267172794,134.81568992458344,Atopic Dermatitis
0.021088005947654708,0.179451521430411,7.398783993430546,0.8998342232363142,147.64372800928192,Atopic Dermatitis
0.02169529830513425,0.17825835561886796,7.1637413660170814,0.8929866328146789,114.93123771172444,Atopic Dermatitis
0.022937843117042347,0.13323800723728302,12.488095424152931,0.9554288777634876,323.4767750328769,Atopic Dermatitis
0.020071590437213446,0.13327218357824103,10.928009352668248,0.956098959520348,249.38223260482494,Atopic Dermatitis
0.01330695062373639,0.08744846127718027,13.514046251080073,0.8432022528288795,355.0971332411598,Atopic Dermatitis
0.013595620058678624,0.07284698726539784,15.975125661471383,0.6500995425590711,459.77688908221637,Atopic Dermatitis
0.019876938092288274,0.1563394520474922,7.0900474352236955,0.9845203342487624,101.54350453522999,Atopic Dermatitis
0.027784723705273358,0.21242636754304062,7.919990593518372,0.9715711972351464,233.53220982466064,Atopic Dermatitis
0.018070981868906336,0.13027925598283635,8.844396636676686,0.9680827577374745,159.45491258348926,Atopic Dermatitis
0.03267210842215083,0.32522470110636903,3.229062984429743,0.9742065331926315,29.387826435991997,Atopic Dermatitis
0.02914328804892187,0.2607455268586031,4.916212541855809,0.9348075882055775,74.88811923058554,Atopic Dermatitis
0.025914534520542765,0.23581884291733057,5.44753445525963,0.9399396078283486,86.83868523130188,Atopic Dermatitis
0.037305363814755625,0.17839240683146343,10.102496645003734,0.9683265552956958,225.6657618541179,Atopic Dermatitis
0.09886482576171733,0.23390566041335367,7.455971150006475,0.9631008864440275,126.17639938302858,Atopic Dermatitis
0.008468449857081336,0.060525764685850185,20.37445203440907,0.8781618602521356,793.1617733170507,Atopic Dermatitis
0.02224575483101456,0.21676917307424906,5.020716144601094,0.967106413934277,54.53963635296671,Atopic Dermatitis
0.045736855944775466,0.2695255066882475,4.713641939175564,0.966389879217613,64.25008096180753,Atopic Dermatitis
0.029435383646956376,0.2557620336051129,6.277662179781881,0.9842062227419528,144.4883029457616,Atopic Dermatitis
0.020565067628893825,0.1696456214134622,6.429754529256286,0.9892597559366584,85.13074991937553,Atopic Dermatitis
0.022921680552688548,0.15150706349138643,7.4571625811405955,0.9337696207125872,111.26391289793037,Atopic Dermatitis
0.027856841929995838,0.231029358903159,4.3249918538820635,0.9926608178773966,40.85344541842309,Atopic Dermatitis
0.060733009157131757,0.3111229609660571,5.4678466144439835,0.9905686849842835,76.63498466011492,Atopic Dermatitis
0.06453649767713948,0.3227054697623413,5.561760126102665,0.9906305519959646,85.3601154995966,Atopic Dermatitis
0.020943478315404235,0.13045318465533104,9.225682423293243,0.9765873671072802,180.76334929729725,Atopic Dermatitis
0.07612494452529604,0.19526159173797825,8.691347784800184,0.930758511960403,158.46478358788707,Atopic Dermatitis
0.07471303463305737,0.1951900246819544,8.542938952007482,0.945168883105732,151.13087985189713,Atopic Dermatitis
0.029626721866481028,0.25418411201189106,6.511158268440604,0.9825129208848272,162.6989478878328,Atopic Dermatitis
0.017180670973674664,0.06855908954955098,15.795871411892058,0.34557551744194254,430.53801202084793,Atopic Dermatitis
0.1323412062854511,0.22027170784849703,12.356849479816502,0.9353235086947669,378.9326967705268,Atopic Dermatitis
0.02504911027767453,0.2043041378611131,5.531360385203577,0.9879084442109336,70.15213897588048,Atopic Dermatitis
0.020984847576241424,0.10789171377387165,9.93417218841745,0.7004689201437431,173.80117020863196,Atopic Dermatitis
0.021542190713849926,0.10924754673168174,9.785995646791136,0.7442087173957921,172.28533878807463,Atopic Dermatitis
0.024046338818866243,0.1672623297867631,6.282305495657284,0.9872857817504285,76.48437778471725,Atopic Dermatitis
0.01665994356265832,0.1844085989314562,6.604108697949312,0.9785978690345354,97.06483895195815,Atopic Dermatitis
0.023600075927841864,0.13712115504848044,9.762120774004451,0.9291258960683552,206.69107361367807,Atopic Dermatitis
0.01465948235563063,0.1302756224201805,12.64198164518095,0.8323001028573922,427.01400824403805,Atopic Dermatitis
0.01810725426014217,0.13796816607512052,7.732357165176235,0.9871121935100287,116.38456607259725,Atopic Dermatitis
0.08679233685698948,0.20806278016590418,9.79689699304675,0.9246942043410671,204.58144684082126,Atopic Dermatitis
0.09112714213816635,0.22521259897668816,9.477066037980675,0.9335821177483594,196.00671455008685,Atopic Dermatitis
0.21222417010485048,0.3240216043688345,8.253758844897817,0.9591947774963694,171.89072273965263,Atopic Dermatitis
0.08183979174889676,0.17442701008719444,9.899971592954959,0.8948052433319416,195.12792451085585,Atopic Dermatitis
0.13535070357937917,0.2275091246222649,8.897272599041482,0.9272284122005373,167.5478730017549,Atopic Dermatitis
0.015906660279922796,0.15007354603774625,9.117976332558031,0.9738994165772001,206.3568872644711,Atopic Dermatitis
0.017145514191289953,0.16149867409277882,8.347180073719702,0.9738113219607089,175.9040317937262,Atopic Dermatitis
0.020654196106211206,0.17125020174229463,11.087700597635884,0.9623501022803406,286.5586064016839,Atopic Dermatitis
0.009783775116853997,0.0495126743049809,24.941847292891296,0.6339833618629258,1151.5982522590486,Atopic Dermatitis
0.011283565825760213,0.06034887009247966,22.86755078721781,0.5548080605417652,1034.2530352331332,Atopic Dermatitis
0.03332480270339879,0.23544315562892149,4.7066897171157445,0.9898454201246795,47.13807212509144,Atopic Dermatitis
0.018641744862495743,0.13991210016694516,9.92635105734027,0.8379778991318201,253.85092662311501,Atopic Dermatitis
0.015408473392134367,0.13926473213037602,9.181030520920748,0.9390801702299897,188.65811608255416,Atopic Dermatitis
0.06824470102447368,0.27329285877231463,6.475898779715836,0.976499015058422,106.56239937494345,Atopic Dermatitis
0.04386130365420432,0.2508013257166388,6.368041078128878,0.9837532761802598,102.35718679574423,Atopic Dermatitis
0.05646350109367796,0.2896734700195057,7.767747831118675,0.981645497784605,178.02008976440715,Atopic Dermatitis
0.0226292187353353,0.21270292562191206,5.252378644411448,0.986690034860823,67.66835140828523,Atopic Dermatitis
0.021534251321045993,0.20310692156132573,5.834133892931027,0.9892344829772557,91.68394775409226,Atopic Dermatitis
0.0260108589017938,0.21086154283086767,5.38879160818957,0.9905071356691444,65.63086650590877,Atopic Dermatitis
0.018000399203242208,0.19590806322155727,6.015743901833791,0.9888015286029308,97.70057521253082,Atopic Dermatitis
0.020955259054519337,0.21195389310278878,5.574404562027024,0.9877892400081679,90.79334377972219,Atopic Dermatitis
0.02844617551450178,0.18883051249306784,6.487686927710499,0.9825182185155682,87.03714200981001,Atopic Dermatitis
0.09879458859687199,0.3376756009795224,5.501506279664639,0.979751733535059,92.55408672919968,Atopic Dermatitis
0.019979803892825252,0.13579852232583642,12.336392922609557,0.9411847509338078,339.88552288639454,Atopic Dermatitis
0.019659338468640042,0.1302099127682229,8.71914366435422,0.8726945038302291,150.3954871892298,Atopic Dermatitis
0.026342736339962296,0.17740037265621733,9.07717746686693,0.9594636604869282,224.95802884813025,Atopic Dermatitis
0.013806146417533844,0.08759795550724798,13.306124655224664,0.9474420428538297,351.20264256288596,Atopic Dermatitis
0.017912587068463295,0.12576441612880748,9.18827844768311,0.967321255613395,178.83892685958432,Atopic Dermatitis
0.021150261288735248,0.1880373937236872,6.2928590926266015,0.9764569227464714,85.65855782215066,Atopic Dermatitis
0.019558774745725125,0.1774505937487666,6.683450494912083,0.970148995533077,107.79830939948364,Atopic Dermatitis
0.02326511092477905,0.20695396665762156,5.783692665384901,0.9674796623850391,79.10346280359516,Atopic Dermatitis
0.02490804854395758,0.13184006798199432,9.089704682617342,0.9658657282722055,159.3301547531375,Atopic Dermatitis
0.056382590389653826,0.33565343333748215,3.6740760911400088,0.9898832944931699,42.51826332973823,Atopic Dermatitis
0.020128785956445475,0.14628198228864678,9.179993027696188,0.9586153756170653,177.07727256101504,Atopic Dermatitis
0.025042438458184463,0.2221171638280804,4.917831019710617,0.9917516019393489,53.79584787296619,Atopic Dermatitis
0.020925379614801967,0.1864474377880324,5.953993589342271,0.9891160589970421,78.07745859211519,Atopic Dermatitis
0.01853619191346532,0.13580827103347343,8.341729616043514,0.9144322357877395,153.926317711518,Atopic Dermatitis
0.021337160192006037,0.12500805131115353,10.62956653197428,0.6642221872687423,256.18337893091353,Atopic Dermatitis
0.026107522287687715,0.20864575400168267,4.964144360209248,0.9915940603942194,57.35948054317843,Atopic Dermatitis
0.032747971133032835,0.25073691587589814,4.0621072144127055,0.9909980239605649,40.91262745665857,Atopic Dermatitis
0.019220386586021106,0.16046434047339553,7.132877892991881,0.9703389672549435,101.84660162037247,Atopic Dermatitis
0.29949835408756026,0.4304942328378567,4.62552108860166,0.9884597161802264,69.15823673770943,Atopic Dermatitis
0.021400051463476497,0.23803194995748436,5.660514809169074,0.9870068292403897,73.37581955749205,Atopic Dermatitis
0.019220386586021106,0.16046434047339553,7.132877892991881,0.9703389672549435,101.84660162037247,Atopic Dermatitis
0.13508947039153096,0.3376978931784256,6.054884155931197,0.9859677790642181,107.79678946138125,Atopic Dermatitis
0.06543718526348664,0.2368781802363803,6.472327126665009,0.9839884929054801,107.6548765954305,Atopic Dermatitis
0.08374523740439804,0.42023065643886814,4.402610171763819,0.9926083702163765,90.8131374132118,Atopic Dermatitis
0.027908864743869347,0.19886502077507917,10.100097497989019,0.9664862353744346,303.49060578678836,Atopic Dermatitis
0.03196000890900031,0.1899709180563902,11.941449694592434,0.9655718398633432,394.96747344802304,Atopic Dermatitis
0.01695368697606269,0.19915632630483193,5.941733604617446,0.9835700775528549,72.54465124765912,Atopic Dermatitis
0.014714620032985126,0.08357033505389137,12.457365961028806,0.7795745426245914,265.53438216960296,Atopic Dermatitis
0.019409454989124615,0.09373851061495647,11.279090096199035,0.6296603839717129,222.76749171140722,Atopic Dermatitis
0.025927994496251945,0.17466736423299298,8.297727749779419,0.9737949188115267,185.12782934231552,Atopic Dermatitis
0.027691881011246755,0.15430322339640318,9.264180016183326,0.9603142166917412,231.41210303190533,Atopic Dermatitis
0.030934226015393442,0.20291177473886327,8.618817417612842,0.9829265822395639,211.18091546947875,Atopic Dermatitis
0.09760148626672932,0.35027657659999245,6.853836708355042,0.9858192110304197,188.5695310668577,Atopic Dermatitis
0.016577965274551337,0.07901188597893087,12.713099399148783,0.662493637491377,267.1538123097818,Atopic Dermatitis
0.052362022247115454,0.29848732565650893,5.07693497858563,0.9901076229412009,75.02359454932181,Atopic Dermatitis
0.02098055531218697,0.16552788641538685,7.923025584698305,0.9495873914632591,143.3785876495742,Atopic Dermatitis
0.01170267213134702,0.0677500543376613,16.697920915384255,0.7435359414741571,502.33875398135046,Atopic Dermatitis
0.018473060029125007,0.08365873089439664,17.441243022147276,0.48571159133710207,649.0438126570134,Atopic Dermatitis
0.006927347016626326,0.04364768650050088,26.22749060857436,0.8121313727267578,1223.9707689079567,Atopic Dermatitis
0.00878108765138514,0.04105837870734844,30.24251994944571,0.43226954079903623,1679.5863223690185,Atopic Dermatitis
0.00859185790793108,0.05648812890863413,21.475202967299637,0.7856063340724074,882.1336421249258,Atopic Dermatitis
0.007317358993670703,0.057572168936362265,21.828466741706368,0.9087764552024318,887.2306618049054,Atopic Dermatitis
0.014971946355572054,0.17120606663163743,10.271821985863532,0.9611463575303156,318.58718084910794,Atopic Dermatitis
0.07032237014718376,0.27430736883357976,8.066914282917585,0.9750764981405702,227.71195952077252,Atopic Dermatitis
0.06191658445567294,0.29275687996689,8.482714980778745,0.9794621149118901,270.15266754726144,Atopic Dermatitis
0.056405765030395724,0.2591795307760628,7.687459554438679,0.9809580144871022,206.77195845714297,Atopic Dermatitis
0.08789973221016908,0.24659617245881943,12.122528202922357,0.9635750490645335,335.29174083701156,Atopic Dermatitis
0.06605807424177274,0.20085107502959942,13.167803721885745,0.9540618699893919,373.8616703035846,Atopic Dermatitis
0.1718743475559523,0.3508032945849587,9.66293755227975,0.9480894850281234,266.483808864227,Atopic Dermatitis
0.018414970957083103,0.08525211365611184,16.8559813310367,0.508857455552626,605.3312406889776,Atopic Dermatitis
0.014135110375282213,0.08278332809080555,14.684394353360195,0.7125779940648097,423.128530131772,Atopic Dermatitis
0.014675587848630572,0.09288693819496734,13.957345618900689,0.7235175285635306,416.620367041256,Atopic Dermatitis
0.0304336214645803,0.33131183848475554,4.5431646805315165,0.9881869351286304,113.96334166531422,Atopic Dermatitis
0.09540167512720722,0.33980449283914094,6.487665984365797,0.9858001881325309,159.12265515440873,Atopic Dermatitis
0.06285022902814477,0.27347895928554156,5.736089907401789,0.9857373192706275,123.5959078638217,Atopic Dermatitis
0.08357716408379628,0.3243523013792886,4.76609074317871,0.9875236515960051,99.85375865875741,Atopic Dermatitis
0.03941614715032285,0.23715471029189356,5.274961209729753,0.9862311541693991,110.41602047886668,Atopic Dermatitis
0.013585533310080469,0.12458968828747478,10.390189151080005,0.9709006156894016,204.35271527905127,Atopic Dermatitis
0.019451311285215836,0.08048754023670696,13.878614555600741,0.42237473567784917,360.32825374571104,Atopic Dermatitis
0.04039841194933871,0.26585302283046797,5.252221986935721,0.9890653981719544,66.66279727117684,Atopic Dermatitis
0.02563354634815537,0.11945486647093745,10.147041041667187,0.5537177715537334,213.07942384250725,Atopic Dermatitis
0.020408910303886356,0.07899564998308281,13.42214229751221,0.34713864985268017,310.74465128067004,Atopic Dermatitis
0.020332244391375247,0.07998414926789128,13.381579348882601,0.3716963909826306,312.47170150599476,Atopic Dermatitis
0.016115608369164938,0.10404072891560029,11.541115599009316,0.8061338550463036,258.93341293104714,Atopic Dermatitis
0.11221527742263822,0.30825464409168674,7.389444489624647,0.9783054977100049,142.26960649847675,Atopic Dermatitis
0.026582419117789018,0.1711616945542906,8.061810888650976,0.9587758489728407,136.02824302058005,Atopic Dermatitis
0.14585448021047778,0.31912688571963205,12.115918883871885,0.9536163820193231,360.0306070972271,Atopic Dermatitis
0.02471146821340288,0.17586196051188266,8.349908272884925,0.9538099235708858,159.35079073125306,Atopic Dermatitis
0.017230695775278738,0.15490892587440278,8.346129781736364,0.9471240663902951,157.10860856504485,Atopic Dermatitis
0.0167834810194787,0.13866199918961064,8.015188444563888,0.9604421646285419,124.691334217841,Atopic Dermatitis
0.025058706895003613,0.1865012267748946,8.603694560296235,0.9834238544575524,206.3282822906582,Atopic Dermatitis
0.015912348554064235,0.09725500802787239,10.868273981389656,0.8620677358645966,210.11066909946632,Atopic Dermatitis
0.01729248020167959,0.18748355222160581,6.520743987096932,0.9819712943245319,90.14869908915279,Atopic Dermatitis
0.08468198621340502,0.31304630014412665,5.2468621576308925,0.9867131833684586,71.76971489953864,Atopic Dermatitis
0.017151559825401588,0.20997714347481322,6.368966292889059,0.981881680923044,83.85759940028986,Atopic Dermatitis
0.22667169820374283,0.3591126438526248,6.281947883616768,0.9927755397207194,103.52298091521796,Atopic Dermatitis
0.03460471326434585,0.17671233494337266,9.341979963521887,0.965293840951824,197.83493370546432,Atopic Dermatitis
0.050425108841281915,0.20689570918304934,8.70932204470351,0.9591675073742031,180.70633600139018,Atopic Dermatitis
0.10194269961625492,0.24632139560797756,7.23594290823479,0.9770595377101104,128.10706496091836,Atopic Dermatitis
0.08132793568674207,0.3270544340510846,4.780025284939043,0.9940207797793177,64.73185241655739,Atopic Dermatitis
0.183088092956275,0.3135108836245242,11.545842316212559,0.9493014444460712,340.04759836349604,Atopic Dermatitis
0.018767509686227493,0.16198993878583767,6.11020301281703,0.9648752643257369,66.2093336373253,Atopic Dermatitis
0.01420696334291071,0.10661756616805379,12.671838185858187,0.8280482483163285,375.937653222403,Atopic Dermatitis
0.06704975667201182,0.2544467624922145,6.447282380634107,0.987159421077326,95.09266729145017,Atopic Dermatitis
0.024158760451282568,0.22408086667048177,5.718528249472944,0.9403596223244107,82.51239370754558,Atopic Dermatitis
0.014316489873444298,0.13181855035398013,11.72941401199827,0.9219788966485124,340.5445288176277,Atopic Dermatitis
0.043520744555335784,0.18366276904753315,7.942576813203996,0.9723093592841207,129.32976784734313,Atopic Dermatitis
0.017899548307205217,0.123666031328026,8.213434809017624,0.9396980244139884,116.52092742055856,Atopic Dermatitis
0.0674900162273918,0.24894264673386057,8.315245813569058,0.9670507125844977,172.06634472804913,Atopic Dermatitis
0.017719908914741813,0.08691075680936103,13.518071339649143,0.5619613335989683,379.9411953511147,Bullous Disease
0.04642138849351128,0.2157794587881852,6.519254503210539,0.982861092657245,101.40738665348916,Bullous Disease
0.08016734421912387,0.25524198870876336,6.004375508474046,0.9766864079837726,107.31904090667844,Bullous Disease
0.028598113152010145,0.1967844879995128,5.471082594741146,0.8925742405085718,61.837870603725754,Bullous Disease
0.028860447013266306,0.24432013299421712,4.760193898737307,0.9642841754297251,60.03745654916224,Bullous Disease
0.017948642343101468,0.08641238761529357,13.424527266553676,0.5503397194464807,368.0812836789313,Bullous Disease
0.014479113027050572,0.07393809157429465,16.14654747841068,0.5709437354915926,523.1981009046272,Bullous Disease
0.015564222656222863,0.0894999603877335,11.74599675868581,0.7997411851926873,253.76426484284536,Bullous Disease
0.015550163935585448,0.11578357341222938,29.67736916874982,0.7813700963814565,2258.940605161939,Bullous Disease
0.04166416364690014,0.24616989240767134,4.994334562039985,0.9814863948875561,62.02014149966322,Bullous Disease
0.017411893468141194,0.09655946103469114,10.883700528914202,0.7819411464022156,220.59739026395107,Bullous Disease
0.02439880073842945,0.1939928719215105,5.905142460847131,0.9580080482576234,83.30008786198567,Bullous Disease
0.017663503140029672,0.13877786953327786,8.222329761061966,0.9292922498885218,152.83757118550704,Bullous Disease
0.01686941594338638,0.16713282360886295,7.254304117537377,0.9518502796622718,129.81238285575708,Bullous Disease
0.01692962791476069,0.12552669483923934,9.491508435617261,0.8844286799639145,193.86825741364666,Bullous Disease
0.01739978208948288,0.17003369636966154,6.773046347297839,0.9600917808720154,106.29030382748374,Bullous Disease
0.01275042471751597,0.13978031516848952,9.889448217599838,0.9635957488464341,241.3214940775028,Bullous Disease
0.06543469705061128,0.26820156108365656,6.747043382410173,0.9853542543974729,140.6490600252857,Bullous Disease
0.027946304177802615,0.19654779908382913,6.152194625586077,0.9515804016382258,102.462516131032,Bullous Disease
0.013925428968735633,0.07170691799247234,16.74878394423989,0.5639855157977594,559.1410853117808,Bullous Disease
0.26218664398886876,0.49488199006055633,4.859861812319697,0.98884231630084,92.46389532012843,Bullous Disease
0.21836374811969733,0.37380306406563135,7.713305119990837,0.9745639400601659,188.28735456776323,Bullous Disease
0.13830645144772116,0.38922396892149413,6.0708639672263,0.9690631348739137,127.81786238344226,Bullous Disease
0.02862471806888027,0.18406389168844292,10.550980453751176,0.9393617728994997,288.3384182989733,Bullous Disease
0.014308694547128254,0.09198957012723147,13.558341299193247,0.7427189554208021,391.45265095208015,Bullous Disease
0.016528392099732756,0.16151994881867568,8.60173308940291,0.9587307939066009,217.99234617036487,Bullous Disease
0.0521966248165345,0.22679368802206826,9.563086568291077,0.9757052592430594,211.15908184030903,Bullous Disease
0.015091883206454708,0.1721854944661234,10.72951075774973,0.9494638360370699,411.34932510254663,Bullous Disease
0.017763036958254944,0.16361978141784642,7.340222704653529,0.9429814878550518,138.34097196437222,Bullous Disease
0.06503860363087267,0.3308585938692123,4.558510080992643,0.9774547921738402,58.85227500305169,Bullous Disease
0.019103660083020554,0.13651853846587286,9.44729470852557,0.8381772949326746,216.42794877529417,Bullous Disease
0.1479675601589447,0.4184672297295037,4.969274578616669,0.9671339341361609,91.79303243606383,Bullous Disease
0.04220710193625971,0.20609317143171588,8.750928493109917,0.9690191527795265,196.52422184436824,Bullous Disease
0.02806188035284292,0.19694446823165235,9.450321597364876,0.9507282847174994,237.44954146646342,Bullous Disease
0.009471599293419302,0.051884277268750084,20.114702075437386,0.8129972875866316,679.0956483581244,Bullous Disease
0.09071300668890007,0.31824975079822737,5.5108466132690195,0.9920455520257236,95.7904957379284,Bullous Disease
0.03546403725432881,0.189121523669433,7.754946064497896,0.9765093855660191,136.9814646568939,Bullous Disease
0.021576251046265107,0.23845216450119983,4.639030532047333,0.9892940839184882,56.51639966680559,Bullous Disease
0.011952880574000317,0.08806171661035937,14.220450083959673,0.8547124753615656,440.0328451607714,Bullous Disease
0.017796413424895234,0.1540316983169182,7.600806438215666,0.9334578458942436,143.44636249122016,Bullous Disease
0.022308774372557977,0.19360010658921611,5.54345333594891,0.9789121507736911,65.60108230478883,Bullous Disease
0.15845501855741764,0.4423317223912348,3.9758357947195697,0.9815306351255041,57.243929223198066,Bullous Disease
0.03378839891580501,0.2822810781634961,4.942172987948423,0.9804808431383604,81.99328466648808,Bullous Disease
0.07154454672304483,0.22728486748511412,14.103527609330804,0.9422479558941076,604.4387046971627,Bullous Disease
0.03167183957580804,0.1933804706024866,7.461942536019206,0.9798839578840154,137.2755324331078,Bullous Disease
0.009723136840273495,0.08617978844564177,16.794048714885392,0.9176107042961742,580.0460338764838,Bullous Disease
0.009970772712182155,0.08629266156284186,17.59978534035163,0.8827449662168357,662.2100008804623,Bullous Disease
0.03569135519295075,0.3527776066996552,4.284777057676541,0.9813844409462832,74.658551779988,Bullous Disease
0.05087561742395395,0.39398341965251554,6.040694529427407,0.9554691034396983,188.05448891180427,Bullous Disease
0.06188786213931236,0.30385074627737463,6.965320555246198,0.9635285077644584,145.1873376391535,Bullous Disease
0.045265781536126926,0.36669778586317914,6.829365062844597,0.9496720046705912,232.61975066796782,Bullous Disease
0.03875911480163928,0.2639037973446518,4.328790481275407,0.9945473224239473,38.14374855484211,Bullous Disease
0.030356495512062875,0.29699803228017313,5.645289940251568,0.9626157258018956,111.00678253689387,Bullous Disease
0.05635153465926563,0.2284493158764046,7.427048276099224,0.9799313645057626,150.76400598426147,Bullous Disease
0.02332791212748181,0.14813595730332108,8.247286499289991,0.9303113704270672,172.90839451037124,Bullous Disease
0.0848484115139467,0.3720605179050938,3.5065381035615393,0.9945951826240305,32.5489058175651,Bullous Disease
0.05888285202021389,0.28694397410176425,4.742625983752321,0.9882238854108947,60.75429621768015,Bullous Disease
0.014816249945410365,0.14539439029115897,11.37471933889802,0.9422622956376254,353.4540090872494,Bullous Disease
0.025407539277730554,0.2467371073503694,5.827461733479241,0.9673261649842126,90.8586243441906,Bullous Disease
0.022159064117252325,0.23785868319238018,6.016834442401044,0.9599943676884958,121.31277402930613,Bullous Disease
0.04476300888545529,0.31745255494815033,5.5886261491054245,0.969337084264272,108.58371879640707,Bullous Disease
0.03335907183670048,0.13955881388106217,8.988575216515521,0.3611105398059223,181.7692745250468,Bullous Disease
0.030150573634641402,0.27381187060310785,5.467975568929123,0.9752701705872795,84.15052278750574,Bullous Disease
0.08491832530623175,0.3060911528486652,6.06103455276703,0.9878069960285836,100.09823551262436,Bullous Disease
0.04188870019431434,0.2145455606184986,10.680437156653799,0.9573807736158019,343.5973728568303,Bullous Disease
0.05396342228486342,0.33899216325138615,5.30894545667927,0.9878731294170715,113.90594447875372,Bullous Disease
0.013174493523031482,0.1286831814591607,14.1891540743342,0.8683468190806092,539.4660750475269,Bullous Disease
0.013145056662091655,0.1552081196027356,12.129990477356907,0.9441942370219931,508.9042252400844,Bullous Disease
0.014732894792383877,0.1247332806168158,12.154349819879123,0.8456072242069109,386.3880604880674,Bullous Disease
0.013886255199642714,0.13323713281142371,9.724833458042024,0.9258401805806729,270.57533745865084,Bullous Disease
0.033163008348992405,0.216902750969621,8.46141345443601,0.9749503802325861,194.08711187550307,Bullous Disease
0.024205220213810455,0.19722743465424944,6.394730135206489,0.9458156638478962,99.42932072403067,Bullous Disease
0.015559147597837046,0.12173256710360361,10.330281861790452,0.8914195081644842,217.9737181385737,Bullous Disease
0.030437958279682334,0.14295193183433022,6.998320106734827,0.6836079476110165,87.40317916239896,Bullous Disease
0.014951301779162497,0.12390344481424427,9.913910043091205,0.9095977163016475,198.35179183191414,Bullous Disease
0.016493096711443153,0.10089250281077056,11.488948922777796,0.806017884951526,257.60694470321283,Bullous Disease
0.02130958417188607,0.14951280101905876,7.628606047480364,0.8657634652339197,113.62557203839054,Bullous Disease
0.015415204317697075,0.13899490784668111,10.2360351375951,0.9078368228170197,243.00614992771463,Bullous Disease
0.019741301658595868,0.14054617510126724,10.894038788113274,0.9114628044691089,264.1966556437212,Bullous Disease
0.021190520119221387,0.16900432523648976,6.710172253716596,0.9461635398990408,91.96813693211132,Bullous Disease
0.02596637599944848,0.16056755392770908,6.85500674041272,0.8682530131684622,95.80107222882965,Bullous Disease
0.01869778824309009,0.126647241294121,9.391064635779859,0.8656344827484036,179.16316844112814,Bullous Disease
0.014536645901725617,0.10825438048105934,12.013792209064242,0.8689412658155858,295.8478300752135,Bullous Disease
0.01841982000064177,0.13250085461382055,9.212595545718052,0.9128110622063983,170.5552569433991,Bullous Disease
0.01759473500252154,0.12803257122281245,9.921058555757147,0.8328052706741479,204.69796953597415,Bullous Disease
0.018706166613763675,0.1190817040394676,9.097183671906802,0.8598561219217626,150.72754842864163,Bullous Disease
0.02147543053091651,0.11394576685117104,9.396409896940096,0.7487604341019671,159.39800487400328,Bullous Disease
0.014438936185597424,0.08600173153469413,14.866145845815835,0.700614107920189,432.5039433913055,Bullous Disease
0.011598840819853065,0.09710964461019997,13.279785373345206,0.9281603752243982,362.16979583115557,Bullous Disease
0.015609551729812642,0.13449522750870843,10.817176286379825,0.9145762618057233,330.5379436087559,Bullous Disease
0.019061165528801063,0.1539764423509204,7.456966004549179,0.953058935372057,110.42678337707447,Bullous Disease
0.05999129720324419,0.28504029961381633,5.325102848916639,0.9807933890491647,70.0384482150113,Bullous Disease
0.025371108659345738,0.10864046775930263,9.736889447007563,0.509381155552881,169.0739746318412,Bullous Disease
0.016346154079593764,0.09995806321524163,11.325683715669433,0.7802425313289275,240.92259891767515,Bullous Disease
0.02217705095741164,0.13656120563885513,13.855073196080118,0.9124763012692776,432.2330458506685,Bullous Disease
0.011252469274181661,0.09056426348967672,16.210573912235727,0.8371298239905798,567.3011946816314,Bullous Disease
0.013093065665098276,0.11053945897691715,14.990576368226531,0.8999306644672327,481.0151632940467,Bullous Disease
0.009999960597860673,0.07308486710953067,16.888043272103697,0.8350572831389418,577.3979104914189,Bullous Disease
0.021042983961175526,0.12007878694128898,10.52847376385695,0.7712956739036392,246.19365101383897,Bullous Disease
0.012481559135747626,0.08294838618154071,16.18525286194265,0.7129608182309346,497.1772211248329,Bullous Disease
0.015137580719700046,0.11644380643453925,11.866423498747626,0.8707637184017045,304.61962727230764,Bullous Disease
0.015559147597837046,0.12173256710360361,10.330281861790452,0.8914195081644842,217.9737181385737,Bullous Disease
0.0212931826481952,0.19857883941273544,6.491580936474506,0.9432827127029406,101.49420225744247,Bullous Disease
0.02449022741499236,0.14844629260260478,7.777454534635102,0.8944214432230712,123.96593588367497,Bullous Disease
0.022308688786271094,0.1836837589962921,8.123074696648473,0.8834358133209717,172.24554289304518,Bullous Disease
0.0127669980445485,0.0892016147063651,14.544978369809867,0.8376560147212805,437.24786841862624,Bullous Disease
0.03728451427092266,0.19675299531394325,8.968085313377458,0.9389698442624765,251.1217118961724,Bullous Disease
0.03462659897251154,0.20701859963429758,9.82337507204461,0.9280813664503879,310.7072565979744,Bullous Disease
0.01948022368310738,0.1270025697678076,12.08487916137809,0.8883830019766192,335.42532481946427,Bullous Disease
0.01195448432432442,0.09482643513964881,17.51721572551727,0.8594781032687868,620.6814297083404,Bullous Disease
0.07924477441576278,0.27732598122564256,7.099840057273119,0.9847941401861586,141.97818903964404,Bullous Disease
0.014739884370440652,0.10525691801799399,11.729322284788363,0.8594306748052012,292.1690226726787,Bullous Disease
0.02326026052849603,0.1689939472760648,7.338784639132699,0.851739086517135,123.58942060413786,Bullous Disease
0.0161356149099192,0.10480368228717261,15.408208990030074,0.8796370546897359,474.7259031541203,Bullous Disease
0.0693876115095424,0.19687391289099143,13.67800332895277,0.9139573472305168,437.2802541859524,Bullous Disease
0.02036231127304151,0.16234905297219035,10.595655033436124,0.9410652505143037,253.08615559379288,Bullous Disease
0.012959448488142167,0.11764531552591038,10.662077189640785,0.9384701108546248,221.7372638845802,Bullous Disease
0.015032049776564502,0.14718855154126886,9.217743419673216,0.9413845770504378,242.10837588707943,Bullous Disease
0.014785847658963711,0.08634265154682155,12.934461885765622,0.8645467939409964,305.4808629826453,Bullous Disease
0.01937055631541782,0.11086132744058164,12.679349286907627,0.7731483964566394,359.6659615353045,Bullous Disease
0.018512107782698725,0.14466702767727094,9.521988497054608,0.8454175868447228,188.54661776774233,Bullous Disease
0.01069089005118434,0.08958049290506992,14.055091918555059,0.9268535052501186,360.92149300524807,Bullous Disease
0.017070007246561693,0.13874140128663082,9.045171713199878,0.9157966015625306,170.57473486091234,Bullous Disease
0.08765975467199268,0.30880118386750405,7.568292913699328,0.9797741493150274,204.77009855102546,Bullous Disease
0.04528163522693746,0.24858576361739504,6.340634105824159,0.9910480033936371,111.82796406349301,Bullous Disease
0.01124701600889744,0.11638485827462006,12.294909925227882,0.9409856015525809,363.06654551412925,Bullous Disease
0.11419809967085134,0.28235689099345884,8.464941918351334,0.9764754594682736,207.71870829576133,Bullous Disease
0.0176333815842268,0.15483703047906067,9.439288184667326,0.9361086220079515,237.76822361313396,Bullous Disease
0.01670432135023482,0.1480809546520213,10.18859440901604,0.9330993102905727,259.23229490382505,Bullous Disease
0.023710135457518787,0.18490163257268658,6.006085150675649,0.9356353646109494,78.02276581025245,Bullous Disease
0.015160853785914554,0.19406936414936066,6.157090500707209,0.9830922471453817,86.3906781465914,Bullous Disease
0.01684874431789037,0.08915703999109846,13.534611900633832,0.6174612273362305,394.9592937443935,Bullous Disease
0.02379915098692623,0.25069766093912904,5.396920361756855,0.9827257858479181,81.63723609029313,Bullous Disease
0.20195386539272597,0.35612137163648583,5.538014601933521,0.9902561552449082,86.29911780238321,Bullous Disease
0.017732686465244975,0.18080643086900605,7.84674212935986,0.9715136965406145,146.76134675931254,Bullous Disease
0.020730260923280827,0.1670077865519528,7.544709827548695,0.990693805904756,125.51329444488897,Bullous Disease
0.01383009138851049,0.10968152777155055,13.418958263552675,0.9438293766955987,385.87183878537184,Bullous Disease
0.016154303749160454,0.1593748203270843,7.879839736167377,0.9620369828346327,156.1704189577301,Bullous Disease
0.01893231040990108,0.2262651577505882,5.068815161951103,0.9868457339641145,62.432247671035384,Bullous Disease
0.02296713042391757,0.27070331146839677,6.201071074033193,0.9278723257570043,192.78044657906483,Bullous Disease
0.04191598554032617,0.21538717720050682,11.166632576104243,0.9671231589323079,287.90318905573446,Bullous Disease
0.014179018868918833,0.10132471460012123,10.280964523466354,0.9412795913091254,192.42671007059997,Bullous Disease
0.021020300596877445,0.17992050791496744,10.278449633970322,0.9682855547751292,326.23749336163326,Bullous Disease
0.047036620054657176,0.21231290022103824,7.382227168412571,0.9080480079566071,146.5783200442522,Bullous Disease
0.017891263535019478,0.1597268408446226,8.007249297764892,0.9263425164116015,141.70085109864604,Bullous Disease
0.02489810259676873,0.1397969858242249,10.552542336648438,0.9255060332302646,227.30334369150523,Bullous Disease
0.02581485505786583,0.26812220564201766,5.198732621671788,0.9415831689891105,118.91032020484833,Bullous Disease
0.01892335405468829,0.20904863189152798,6.024102424208078,0.9645638902176551,95.46936036266624,Bullous Disease
0.017164658813628476,0.18979897256752984,8.040287847114747,0.9482912353414048,179.9046691430716,Bullous Disease
0.025775013331542522,0.1497884030699119,7.770557414288023,0.8987158368529814,133.43977135959597,Bullous Disease
0.03693075986638972,0.4603192792788232,7.823770419864157,0.9689837310128273,339.35273452305796,error_images
0.03221291255256606,0.4628914697194091,5.183497479936605,0.9806249429856886,169.75919182170057,error_images
0.6263177211425014,0.9695348553326291,0.5363767434624425,0.4772994636590495,34.42558894203426,error_images
0.9203536062247077,0.9613996655974206,3.2629728798333186,0.39553130864223224,509.949696837519,error_images
0.5386151055503045,0.7802319575724915,3.035150020452834,0.8165491713788199,96.60565407833116,error_images
0.03221291255256606,0.4628914697194091,5.183497479936605,0.9806249429856886,169.75919182170057,error_images
0.012403772801949386,0.1492024529329269,20.18559280290221,0.8433652845325875,1158.2211307087678,error_images
0.7980079031284322,0.8380543775432086,12.65124501439787,0.21698682932225838,2971.8105288640704,error_images
0.12330261201558763,0.49058786489511774,7.539214124700316,0.9077055064156296,390.94179579927135,error_images
0.5425703553048744,0.7345291951626965,3.751085269758701,0.9083830505627406,129.17758334813257,error_images
0.03464434882146913,0.27247993767770323,10.06520764246931,0.8968427547790269,406.77665907112714,error_images
0.0719929794900484,0.43475960926934054,9.186251509705706,0.9201980363719969,477.8426915352023,error_images
0.022771692065938865,0.25305500866283887,13.43498090274152,0.942680885841952,752.0587789152519,error_images
0.013070885049659867,0.1351869159160035,14.310011536277964,0.9089978627878484,581.5975909815331,error_images
0.16359533334193946,0.6057513577545364,6.209221379165452,0.9522397277567808,374.8027652303583,error_images
0.014922547109312755,0.1881047695592834,10.975237819588124,0.9425807484686344,393.58498875560963,error_images
0.01957610266031706,0.19199787182761197,9.358340213585349,0.9653212646476597,282.0980432529989,error_images
0.48707223543205547,0.6162187309151155,5.1975550660368,0.9260219473763027,270.33693082020125,error_images
0.9327430422060057,0.9338314687522347,6.720613152329053,0.35397199410142094,1031.6938579535124,error_images
0.027009511295783398,0.2185049026022948,15.584204225115311,0.9222901418978648,744.8426217656879,error_images
0.13661642784650688,0.6513105149779003,3.285802897350435,0.9842604526178564,92.06725283268008,error_images
0.023064682284498615,0.21601380673175336,14.797343438682113,0.9137927492958862,768.1043399495873,error_images
0.11553405057818852,0.7019249692420423,3.438697044125349,0.9872748576514583,180.0605422188273,error_images
0.04957792478203176,0.3617934322897527,7.9193182599690255,0.9674284760492056,278.9455857816287,error_images
0.03655792748920844,0.19759351412545378,8.836915248832444,0.9216817969119471,394.04738977954423,error_images
0.23929391625156013,0.5317782983351251,3.654391849695566,0.9772039256642407,83.53339343623477,error_images
0.2595308261254164,0.5357842001060155,8.910445330750374,0.9606820221200488,627.1344743038663,error_images
0.01813297071355616,0.23893341982665925,8.878285701926046,0.9478086258141758,278.5657373611245,error_images
0.03596147148445956,0.25829908422802483,8.7818749630888,0.8608604549760748,297.590889775291,error_images
0.8396936088909244,0.8695540956874184,10.500913762806785,0.2474079815935936,2385.00380895608,error_images
